     Codon      ;   Partition    ;       S        ;       N        ;       dS       ;       dN       ;Selection detected?
2;1;2.000;     0.000      ;3.262;     0.000      ;  Neg. p = 0.045   
4;1;     0.000      ;9.000;     0.000      ;4.474;  Pos. p = 0.027   
15;1;5.000;7.000;9.019;2.899;  Neg. p = 0.056   
40;1;     0.000      ;14.000;     0.000      ;6.179;  Pos. p = 0.025   
43;1;4.000;1.000;3.719;     0.523      ;  Neg. p = 0.060   
49;1;     0.000      ;11.000;     0.000      ;5.389;  Pos. p = 0.019   
50;1;     0.000      ;11.000;     0.000      ;4.529;  Pos. p = 0.098   
51;1;     0.000      ;11.000;     0.000      ;5.705;  Pos. p = 0.015   
81;1;     0.000      ;6.000;     0.000      ;3.000;  Pos. p = 0.088   
83;1;7.000;     0.000      ;5.129;     0.000      ;  Neg. p = 0.007   
101;1;6.000;     0.000      ;5.291;     0.000      ;  Neg. p = 0.006   
105;1;     0.000      ;14.000;     0.000      ;6.272;  Pos. p = 0.017   
106;1;     0.500      ;13.500;     0.718      ;5.877;  Pos. p = 0.077   
107;1;3.000;     0.000      ;3.957;     0.000      ;  Neg. p = 0.029   
119;1;     0.000      ;11.000;     0.000      ;5.387;  Pos. p = 0.015   
123;1;8.500;4.500;9.021;2.233;  Neg. p = 0.016   
128;1;7.000;2.000;6.038;1.353;  Neg. p = 0.044   
135;1;5.000;1.000;6.610;     0.472      ;  Neg. p = 0.006   
145;1;7.000;     0.000      ;5.935;     0.000      ;  Neg. p = 0.004   
149;1;4.000;1.000;4.000;     0.506      ;  Neg. p = 0.047   
150;1;     0.000      ;14.000;     0.000      ;6.219;  Pos. p = 0.023   
163;1;5.000;2.000;5.187;     0.984      ;  Neg. p = 0.039   
164;1;2.000;15.000;2.132;7.275;  Pos. p = 0.063   