Codon      ;   Partition    ;     alpha      ;      beta      ;      LRT       ;Selection detected?;dN/dS with confidence intervals
36;1;2.328;        0.000   ;3.830;  Neg. p = 0.0198  ;     0.000(   0.00-   0.32)    
2;1;5.876;        0.000   ;7.660;  Neg. p = 0.0099  ;     0.000(   0.00-   0.14)    
27;1;        0.000   ;2.508;3.048;  Pos. p = 0.0891  ;  10000.000(6810.32-10000.00)  
10;1;        0.000   ;2.236;2.879;  Pos. p = 0.0891  ;  10000.000(6186.60-10000.00)  
4;1;        0.000   ;5.901;6.889;  Pos. p = 0.0099  ;  10000.000(8078.18-10000.00)  
28;1;        0.000   ;2.203;2.851;  Pos. p = 0.0693  ;  10000.000(6186.60-10000.00)  
25;1;        0.000   ;4.541;4.816;  Pos. p = 0.0396  ;  10000.000(7600.10-10000.00)  
43;1;4.369;        0.478   ;4.704;  Neg. p = 0.0396  ;     0.109(   0.01-   0.51)    
16;1;        0.000   ;3.303;3.028;  Pos. p = 0.0891  ;  10000.000(7260.52-10000.00)  
48;1;1.353;        0.000   ;2.678;  Neg. p = 0.0693  ;     0.000(   0.00-   0.66)    
15;1;13.677;3.089;4.414;  Neg. p = 0.0891  ;     0.226(   0.09-   0.48)    
50;1;        0.000   ;5.209;3.978;  Pos. p = 0.0495  ;  10000.000(8397.74-10000.00)  
40;1;        0.000   ;10.182;7.996;  Pos. p = 0.0099  ;  10000.000(8717.97-10000.00)  
85;1;1.353;        0.000   ;2.718;  Neg. p = 0.0594  ;     0.000(   0.00-   0.65)    
78;1;        0.000   ;2.503;3.686;  Pos. p = 0.0990  ;  10000.000(6186.61-10000.00)  
96;1;1.353;        0.000   ;3.181;  Neg. p = 0.0396  ;     0.000(   0.00-   0.49)    
49;1;        0.000   ;6.269;8.528;  Pos. p = 0.0099  ;  10000.000(8397.75-10000.00)  
74;1;        0.000   ;3.894;6.537;  Pos. p = 0.0198  ;  10000.000(7260.53-10000.00)  
92;1;        0.000   ;2.648;3.507;  Pos. p = 0.0693  ;  10000.000(6810.33-10000.00)  
81;1;        0.000   ;3.442;4.359;  Pos. p = 0.0792  ;  10000.000(7260.53-10000.00)  
94;1;        0.000   ;3.949;5.849;  Pos. p = 0.0198  ;  10000.000(6810.36-10000.00)  
64;1;        0.000   ;4.645;4.374;  Pos. p = 0.0297  ;  10000.000(7865.52-10000.00)  
51;1;        0.000   ;10.104;12.244;  Pos. p = 0.0099  ;  10000.000(8397.76-10000.00)  
83;1;6.788;        0.000   ;10.129;  Neg. p = 0.0099  ;     0.000(   0.00-   0.23)    
109;1;1.060;        0.000   ;2.091;  Neg. p = 0.0990  ;     0.000(   0.00-   1.04)    
97;1;        0.000   ;6.369;4.598;  Pos. p = 0.0693  ;  10000.000(8252.37-10000.00)  
124;1;1.353;        0.000   ;2.484;  Neg. p = 0.0693  ;     0.000(   0.00-   0.77)    
101;1;7.642;        0.000   ;11.972;  Neg. p = 0.0099  ;     0.000(   0.00-   0.15)    
105;1;        0.000   ;11.794;15.358;  Pos. p = 0.0099  ;  10000.000(8717.97-10000.00)  
107;1;5.208;        0.000   ;8.472;  Neg. p = 0.0099  ;     0.000(   0.00-   0.19)    
121;1;        0.000   ;3.809;6.607;  Pos. p = 0.0396  ;  10000.000(6810.37-10000.00)  
148;1;        0.000   ;2.556;4.850;  Pos. p = 0.0198  ;  10000.000(6810.33-10000.00)  
108;1;        0.000   ;3.321;5.855;  Pos. p = 0.0198  ;  10000.000(7260.52-10000.00)  
135;1;9.641;        0.455   ;10.007;  Neg. p = 0.0099  ;     0.047(   0.00-   0.22)    
106;1;        0.000   ;7.294;6.646;  Pos. p = 0.0297  ;  10000.000(8717.96-10000.00)  
149;1;4.455;        0.494   ;4.858;  Neg. p = 0.0594  ;     0.111(   0.01-   0.50)    
134;1;        0.000   ;4.588;4.380;  Pos. p = 0.0594  ;  10000.000(7600.09-10000.00)  
119;1;        0.000   ;8.452;9.135;  Pos. p = 0.0099  ;  10000.000(8397.76-10000.00)  
91;1;16.945;5.929;3.535;  Neg. p = 0.0693  ;     0.350(   0.17-   0.66)    
145;1;15.762;        0.000   ;16.247;  Neg. p = 0.0099  ;     0.000(   0.00-   0.09)    
150;1;        0.000   ;9.725;12.595;  Pos. p = 0.0099  ;  10000.000(8717.97-10000.00)  
128;1;12.835;1.272;7.793;  Neg. p = 0.0198  ;     0.099(   0.02-   0.33)    
123;1;21.539;2.463;10.214;  Neg. p = 0.0198  ;     0.114(   0.03-   0.29)    
160;1;        0.000   ;3.674;4.487;  Pos. p = 0.0495  ;  10000.000(7260.52-10000.00)  